=== 2026-10-03 18:09:35 AEST quick pass, STEP_S=40
=== repeat 1 2026-10-03 18:09:40
S0	tnt	5000	offered=199998	ok=199998	fail=0	p50=1.000	p99=1.000	p999=1.000	kam_cpu_ms/1k=231.0	be_cpu_ms/1k=50.8	win_calls=130157	sipp_alive=11	gens=GEN_A:12,GEN_B:6	kam_5060_drops=0	gen_rcvbuf_errors=0	PASS
S0	tnt	10000	offered=399996	ok=399996	fail=0	p50=1.000	p99=1.000	p999=1.000	kam_cpu_ms/1k=207.1	be_cpu_ms/1k=44.6	win_calls=260783	sipp_alive=11	gens=GEN_A:12,GEN_B:6	kam_5060_drops=0	gen_rcvbuf_errors=0	PASS
S0	tnt	15000	offered=599994	ok=599994	fail=0	p50=1.000	p99=1.000	p999=1.000	kam_cpu_ms/1k=186.7	be_cpu_ms/1k=39.0	win_calls=391456	sipp_alive=11	gens=GEN_A:12,GEN_B:6	kam_5060_drops=0	gen_rcvbuf_errors=0	PASS
S0	tnt	20000	offered=799992	ok=799992	fail=0	p50=1.000	p99=1.000	p999=1.000	kam_cpu_ms/1k=174.6	be_cpu_ms/1k=38.1	win_calls=522039	sipp_alive=11	gens=GEN_A:12,GEN_B:6	kam_5060_drops=0	gen_rcvbuf_errors=0	PASS
S0	tnt	22500	offered=900000	ok=900000	fail=0	p50=1.000	p99=1.000	p999=1.000	kam_cpu_ms/1k=169.8	be_cpu_ms/1k=38.5	win_calls=587382	sipp_alive=11	gens=GEN_A:12,GEN_B:6	kam_5060_drops=0	gen_rcvbuf_errors=0	PASS
S0	tnt	25000	offered=999990	ok=994011	fail=5979	p50=1.000	p99=1.000	p999=1.000	kam_cpu_ms/1k=166.0	be_cpu_ms/1k=40.1	win_calls=643348	sipp_alive=11	gens=GEN_A:12,GEN_B:6	kam_5060_drops=11308	gen_rcvbuf_errors=0	FAIL
S0	redis	5000	offered=199998	ok=199998	fail=0	p50=1.000	p99=1.000	p999=1.000	kam_cpu_ms/1k=228.9	be_cpu_ms/1k=42.3	win_calls=128483	sipp_alive=11	gens=GEN_A:12,GEN_B:6	kam_5060_drops=0	gen_rcvbuf_errors=0	PASS
S0	redis	10000	offered=399996	ok=399996	fail=0	p50=1.000	p99=1.000	p999=1.000	kam_cpu_ms/1k=197.9	be_cpu_ms/1k=34.2	win_calls=260783	sipp_alive=11	gens=GEN_A:12,GEN_B:6	kam_5060_drops=0	gen_rcvbuf_errors=0	PASS
S0	redis	15000	offered=599994	ok=599994	fail=0	p50=1.000	p99=1.000	p999=1.000	kam_cpu_ms/1k=182.4	be_cpu_ms/1k=31.3	win_calls=391410	sipp_alive=11	gens=GEN_A:12,GEN_B:6	kam_5060_drops=0	gen_rcvbuf_errors=0	PASS
S0	redis	20000	offered=799992	ok=799992	fail=0	p50=1.000	p99=1.000	p999=1.000	kam_cpu_ms/1k=174.1	be_cpu_ms/1k=29.4	win_calls=522045	sipp_alive=11	gens=GEN_A:12,GEN_B:6	kam_5060_drops=0	gen_rcvbuf_errors=0	PASS
S0	redis	22500	offered=900000	ok=900000	fail=0	p50=1.000	p99=1.000	p999=1.000	kam_cpu_ms/1k=168.4	be_cpu_ms/1k=28.7	win_calls=587429	sipp_alive=11	gens=GEN_A:12,GEN_B:6	kam_5060_drops=0	gen_rcvbuf_errors=0	PASS
S0	redis	25000	offered=999990	ok=999990	fail=0	p50=1.000	p99=1.000	p999=1.000	kam_cpu_ms/1k=162.6	be_cpu_ms/1k=28.6	win_calls=652315	sipp_alive=11	gens=GEN_A:12,GEN_B:6	kam_5060_drops=0	gen_rcvbuf_errors=0	PASS
S0	redis	27500	offered=1099998	ok=1099998	fail=0	p50=1.000	p99=1.000	p999=1.000	kam_cpu_ms/1k=160.9	be_cpu_ms/1k=28.3	win_calls=717411	sipp_alive=11	gens=GEN_A:12,GEN_B:6	kam_5060_drops=0	gen_rcvbuf_errors=0	PASS
S0	redis	30000	offered=1199988	ok=1194751	fail=5237	p50=1.000	p99=1.000	p999=1.000	kam_cpu_ms/1k=159.0	be_cpu_ms/1k=29.3	win_calls=777567	sipp_alive=11	gens=GEN_A:12,GEN_B:6	kam_5060_drops=9592	gen_rcvbuf_errors=0	FAIL
S0	none	5000	offered=199998	ok=199998	fail=0	p50=1.000	p99=1.000	p999=1.000	kam_cpu_ms/1k=169.6	be_cpu_ms/1k=0.8	win_calls=130158	sipp_alive=11	gens=GEN_A:12,GEN_B:6	kam_5060_drops=0	gen_rcvbuf_errors=0	PASS
S0	none	10000	offered=399996	ok=399996	fail=0	p50=1.000	p99=1.000	p999=1.000	kam_cpu_ms/1k=147.4	be_cpu_ms/1k=0.3	win_calls=260832	sipp_alive=11	gens=GEN_A:12,GEN_B:6	kam_5060_drops=0	gen_rcvbuf_errors=0	PASS
S0	none	15000	offered=599994	ok=599994	fail=0	p50=1.000	p99=1.000	p999=1.000	kam_cpu_ms/1k=138.1	be_cpu_ms/1k=0.2	win_calls=391415	sipp_alive=11	gens=GEN_A:12,GEN_B:6	kam_5060_drops=0	gen_rcvbuf_errors=0	PASS
S0	none	20000	offered=799992	ok=799992	fail=0	p50=1.000	p99=1.000	p999=1.000	kam_cpu_ms/1k=132.8	be_cpu_ms/1k=0.2	win_calls=522035	sipp_alive=11	gens=GEN_A:12,GEN_B:6	kam_5060_drops=0	gen_rcvbuf_errors=0	PASS
S0	none	22500	offered=900000	ok=900000	fail=0	p50=1.000	p99=1.000	p999=1.000	kam_cpu_ms/1k=128.8	be_cpu_ms/1k=0.2	win_calls=587340	sipp_alive=11	gens=GEN_A:12,GEN_B:6	kam_5060_drops=0	gen_rcvbuf_errors=0	PASS
S0	none	25000	offered=999990	ok=999990	fail=0	p50=1.000	p99=1.000	p999=1.000	kam_cpu_ms/1k=128.0	be_cpu_ms/1k=0.1	win_calls=652193	sipp_alive=11	gens=GEN_A:12,GEN_B:6	kam_5060_drops=0	gen_rcvbuf_errors=0	PASS
S0	none	27500	offered=1099998	ok=1099997	fail=1	p50=1.000	p99=1.000	p999=1.000	kam_cpu_ms/1k=127.8	be_cpu_ms/1k=0.1	win_calls=717636	sipp_alive=11	gens=GEN_A:12,GEN_B:6	kam_5060_drops=0	gen_rcvbuf_errors=0	PASS
S0	none	30000	offered=1199988	ok=1199988	fail=0	p50=1.000	p99=1.000	p999=1.000	kam_cpu_ms/1k=124.6	be_cpu_ms/1k=0.2	win_calls=782877	sipp_alive=11	gens=GEN_A:12,GEN_B:6	kam_5060_drops=0	gen_rcvbuf_errors=0	PASS
S0	none	35000	offered=1399986	ok=1399986	fail=0	p50=1.000	p99=1.000	p999=1.000	kam_cpu_ms/1k=121.5	be_cpu_ms/1k=0.1	win_calls=913432	sipp_alive=11	gens=GEN_A:12,GEN_B:6	kam_5060_drops=0	gen_rcvbuf_errors=0	PASS
S0	none	40000	offered=1599984	ok=1599984	fail=0	p50=1.000	p99=1.000	p999=1.000	kam_cpu_ms/1k=121.4	be_cpu_ms/1k=0.1	win_calls=1030674	sipp_alive=11	gens=GEN_A:12,GEN_B:6	kam_5060_drops=0	gen_rcvbuf_errors=0	PASS
S0	none	50000	offered=1999998	ok=1999998	fail=0	p50=1.000	p99=1.000	p999=1.000	kam_cpu_ms/1k=113.6	be_cpu_ms/1k=0.1	win_calls=1296449	sipp_alive=11	gens=GEN_A:12,GEN_B:6	kam_5060_drops=0	gen_rcvbuf_errors=0	PASS
S1a	redis	5000	offered=199998	ok=199998	fail=0	p50=1.000	p99=1.000	p999=1.000	kam_cpu_ms/1k=229.8	be_cpu_ms/1k=48.6	win_calls=130158	sipp_alive=11	gens=GEN_A:12,GEN_B:6	kam_5060_drops=0	gen_rcvbuf_errors=0	PASS
S1a	redis	10000	offered=399996	ok=399996	fail=0	p50=1.000	p99=1.000	p999=1.000	kam_cpu_ms/1k=202.2	be_cpu_ms/1k=45.2	win_calls=260782	sipp_alive=11	gens=GEN_A:12,GEN_B:6	kam_5060_drops=0	gen_rcvbuf_errors=0	PASS
S1a	redis	15000	offered=599994	ok=599994	fail=0	p50=1.000	p99=1.000	p999=1.000	kam_cpu_ms/1k=186.1	be_cpu_ms/1k=41.5	win_calls=391530	sipp_alive=11	gens=GEN_A:12,GEN_B:6	kam_5060_drops=0	gen_rcvbuf_errors=0	PASS
S1a	redis	20000	offered=799992	ok=799992	fail=0	p50=1.000	p99=1.000	p999=1.000	kam_cpu_ms/1k=174.4	be_cpu_ms/1k=39.8	win_calls=522035	sipp_alive=11	gens=GEN_A:12,GEN_B:6	kam_5060_drops=0	gen_rcvbuf_errors=0	PASS
S1a	redis	22500	offered=900000	ok=900000	fail=0	p50=1.000	p99=1.000	p999=1.000	kam_cpu_ms/1k=169.7	be_cpu_ms/1k=39.9	win_calls=587333	sipp_alive=11	gens=GEN_A:12,GEN_B:6	kam_5060_drops=0	gen_rcvbuf_errors=0	PASS
S1a	redis	25000	offered=999990	ok=999990	fail=0	p50=1.000	p99=1.000	p999=1.000	kam_cpu_ms/1k=167.5	be_cpu_ms/1k=40.2	win_calls=652166	sipp_alive=11	gens=GEN_A:12,GEN_B:6	kam_5060_drops=0	gen_rcvbuf_errors=0	PASS
S1a	redis	27500	offered=1099998	ok=1099998	fail=0	p50=1.000	p99=1.000	p999=1.000	kam_cpu_ms/1k=164.7	be_cpu_ms/1k=38.3	win_calls=717491	sipp_alive=11	gens=GEN_A:12,GEN_B:6	kam_5060_drops=0	gen_rcvbuf_errors=0	PASS
S1a	redis	30000	offered=1199988	ok=1199988	fail=0	p50=1.000	p99=1.000	p999=1.000	kam_cpu_ms/1k=161.3	be_cpu_ms/1k=38.6	win_calls=782691	sipp_alive=11	gens=GEN_A:12,GEN_B:6	kam_5060_drops=0	gen_rcvbuf_errors=0	PASS
S1a	redis	35000	offered=1399986	ok=1372076	fail=27910	p50=1.000	p99=1.000	p999=1.000	kam_cpu_ms/1k=160.3	be_cpu_ms/1k=38.5	win_calls=885097	sipp_alive=11	gens=GEN_A:12,GEN_B:6	kam_5060_drops=52930	gen_rcvbuf_errors=0	FAIL
S1a	redis_ft	5000	offered=199998	ok=199998	fail=0	p50=1.000	p99=1.000	p999=1.000	kam_cpu_ms/1k=235.7	be_cpu_ms/1k=162.1	win_calls=129881	sipp_alive=11	gens=GEN_A:12,GEN_B:6	kam_5060_drops=0	gen_rcvbuf_errors=0	PASS
S1a	redis_ft	10000	offered=399996	ok=395803	fail=4193	p50=1.000	p99=1.000	p999=1.000	kam_cpu_ms/1k=190.2	be_cpu_ms/1k=145.5	win_calls=261389	sipp_alive=11	gens=GEN_A:12,GEN_B:6	kam_5060_drops=7701	gen_rcvbuf_errors=0	FAIL
S1a	tnt	5000	offered=199998	ok=199998	fail=0	p50=1.000	p99=1.000	p999=1.000	kam_cpu_ms/1k=234.8	be_cpu_ms/1k=86.4	win_calls=129328	sipp_alive=11	gens=GEN_A:12,GEN_B:6	kam_5060_drops=0	gen_rcvbuf_errors=0	PASS
S1a	tnt	10000	offered=399996	ok=399996	fail=0	p50=1.000	p99=1.000	p999=1.000	kam_cpu_ms/1k=206.4	be_cpu_ms/1k=75.1	win_calls=260814	sipp_alive=11	gens=GEN_A:12,GEN_B:6	kam_5060_drops=0	gen_rcvbuf_errors=0	PASS
S1a	tnt	15000	offered=599994	ok=599994	fail=0	p50=1.000	p99=1.000	p999=1.000	kam_cpu_ms/1k=186.7	be_cpu_ms/1k=68.6	win_calls=391501	sipp_alive=11	gens=GEN_A:12,GEN_B:6	kam_5060_drops=0	gen_rcvbuf_errors=0	PASS
S1a	tnt	20000	offered=799992	ok=799992	fail=0	p50=1.000	p99=1.000	p999=1.000	kam_cpu_ms/1k=174.7	be_cpu_ms/1k=67.0	win_calls=522696	sipp_alive=11	gens=GEN_A:12,GEN_B:6	kam_5060_drops=0	gen_rcvbuf_errors=0	PASS
S1a	tnt	22500	offered=900000	ok=884962	fail=15038	p50=1.000	p99=1.000	p999=1.000	kam_cpu_ms/1k=176.3	be_cpu_ms/1k=69.3	win_calls=573423	sipp_alive=11	gens=GEN_A:12,GEN_B:6	kam_5060_drops=25958	gen_rcvbuf_errors=0	FAIL
S1b	redis	5000	offered=199998	ok=199998	fail=0	p50=1.000	p99=1.000	p999=1.000	kam_cpu_ms/1k=228.2	be_cpu_ms/1k=51.1	win_calls=128482	sipp_alive=11	gens=GEN_A:12,GEN_B:6	kam_5060_drops=0	gen_rcvbuf_errors=0	PASS
S1b	redis	10000	offered=399996	ok=399996	fail=0	p50=1.000	p99=1.000	p999=1.000	kam_cpu_ms/1k=205.8	be_cpu_ms/1k=47.6	win_calls=260784	sipp_alive=11	gens=GEN_A:12,GEN_B:6	kam_5060_drops=0	gen_rcvbuf_errors=0	PASS
S1b	redis	15000	offered=599994	ok=599994	fail=0	p50=1.000	p99=1.000	p999=1.000	kam_cpu_ms/1k=181.7	be_cpu_ms/1k=42.5	win_calls=391406	sipp_alive=11	gens=GEN_A:12,GEN_B:6	kam_5060_drops=0	gen_rcvbuf_errors=0	PASS
S1b	redis	20000	offered=799992	ok=799992	fail=0	p50=1.000	p99=1.000	p999=1.000	kam_cpu_ms/1k=172.6	be_cpu_ms/1k=40.8	win_calls=522101	sipp_alive=11	gens=GEN_A:12,GEN_B:6	kam_5060_drops=0	gen_rcvbuf_errors=0	PASS
S1b	redis	22500	offered=900000	ok=900000	fail=0	p50=1.000	p99=1.000	p999=1.000	kam_cpu_ms/1k=168.4	be_cpu_ms/1k=41.0	win_calls=587331	sipp_alive=11	gens=GEN_A:12,GEN_B:6	kam_5060_drops=0	gen_rcvbuf_errors=0	PASS
S1b	redis	25000	offered=999990	ok=999990	fail=0	p50=1.000	p99=1.000	p999=1.000	kam_cpu_ms/1k=164.6	be_cpu_ms/1k=40.3	win_calls=652187	sipp_alive=11	gens=GEN_A:12,GEN_B:6	kam_5060_drops=0	gen_rcvbuf_errors=0	PASS
S1b	redis	27500	offered=1099998	ok=1099998	fail=0	p50=1.000	p99=1.000	p999=1.000	kam_cpu_ms/1k=161.0	be_cpu_ms/1k=41.2	win_calls=717488	sipp_alive=11	gens=GEN_A:12,GEN_B:6	kam_5060_drops=0	gen_rcvbuf_errors=0	PASS
S1b	redis	30000	offered=1199988	ok=1199988	fail=0	p50=1.000	p99=1.000	p999=1.000	kam_cpu_ms/1k=158.6	be_cpu_ms/1k=39.5	win_calls=783455	sipp_alive=11	gens=GEN_A:12,GEN_B:6	kam_5060_drops=0	gen_rcvbuf_errors=0	PASS
S1b	redis	35000	offered=1399986	ok=1379513	fail=20473	p50=1.000	p99=1.000	p999=1.000	kam_cpu_ms/1k=154.9	be_cpu_ms/1k=38.8	win_calls=894181	sipp_alive=11	gens=GEN_A:12,GEN_B:6	kam_5060_drops=38942	gen_rcvbuf_errors=0	FAIL
S1b	redis_ft	5000	offered=199998	ok=199998	fail=0	p50=1.000	p99=1.000	p999=1.000	kam_cpu_ms/1k=238.4	be_cpu_ms/1k=170.4	win_calls=130165	sipp_alive=11	gens=GEN_A:12,GEN_B:6	kam_5060_drops=0	gen_rcvbuf_errors=0	PASS
S1b	redis_ft	10000	offered=399996	ok=375031	fail=24965	p50=1.000	p99=1.000	p999=1.000	kam_cpu_ms/1k=192.5	be_cpu_ms/1k=157.0	win_calls=243995	sipp_alive=11	gens=GEN_A:12,GEN_B:6	kam_5060_drops=46324	gen_rcvbuf_errors=0	FAIL
S1b	tnt	5000	offered=199998	ok=199998	fail=0	p50=1.000	p99=1.000	p999=1.000	kam_cpu_ms/1k=239.7	be_cpu_ms/1k=92.1	win_calls=128484	sipp_alive=11	gens=GEN_A:12,GEN_B:6	kam_5060_drops=0	gen_rcvbuf_errors=0	PASS
S1b	tnt	10000	offered=399996	ok=399996	fail=0	p50=1.000	p99=1.000	p999=1.000	kam_cpu_ms/1k=203.9	be_cpu_ms/1k=78.0	win_calls=260824	sipp_alive=11	gens=GEN_A:12,GEN_B:6	kam_5060_drops=0	gen_rcvbuf_errors=0	PASS
S1b	tnt	15000	offered=599994	ok=599994	fail=0	p50=1.000	p99=1.000	p999=1.000	kam_cpu_ms/1k=186.2	be_cpu_ms/1k=75.2	win_calls=391453	sipp_alive=11	gens=GEN_A:12,GEN_B:6	kam_5060_drops=0	gen_rcvbuf_errors=0	PASS
S1b	tnt	20000	offered=799992	ok=799992	fail=0	p50=1.000	p99=1.000	p999=1.000	kam_cpu_ms/1k=175.3	be_cpu_ms/1k=72.7	win_calls=521033	sipp_alive=11	gens=GEN_A:12,GEN_B:6	kam_5060_drops=0	gen_rcvbuf_errors=0	PASS
S1b	tnt	22500	offered=900000	ok=813669	fail=86331	p50=1.000	p99=1.000	p999=1.000	kam_cpu_ms/1k=177.1	be_cpu_ms/1k=75.6	win_calls=521217	sipp_alive=11	gens=GEN_A:12,GEN_B:6	kam_5060_drops=152516	gen_rcvbuf_errors=0	FAIL
=== repeat 2 2026-10-03 18:52:46
S0	redis	5000	offered=199998	ok=199998	fail=0	p50=1.000	p99=1.000	p999=1.000	kam_cpu_ms/1k=222.6	be_cpu_ms/1k=39.1	win_calls=128482	sipp_alive=11	gens=GEN_A:12,GEN_B:6	kam_5060_drops=0	gen_rcvbuf_errors=0	PASS
S0	redis	10000	offered=399996	ok=399996	fail=0	p50=1.000	p99=1.000	p999=1.000	kam_cpu_ms/1k=197.3	be_cpu_ms/1k=33.2	win_calls=260784	sipp_alive=11	gens=GEN_A:12,GEN_B:6	kam_5060_drops=0	gen_rcvbuf_errors=0	PASS
S0	redis	15000	offered=599994	ok=599994	fail=0	p50=1.000	p99=1.000	p999=1.000	kam_cpu_ms/1k=180.6	be_cpu_ms/1k=30.6	win_calls=391409	sipp_alive=11	gens=GEN_A:12,GEN_B:6	kam_5060_drops=0	gen_rcvbuf_errors=0	PASS
S0	redis	20000	offered=799992	ok=799992	fail=0	p50=1.000	p99=1.000	p999=1.000	kam_cpu_ms/1k=167.1	be_cpu_ms/1k=28.0	win_calls=522036	sipp_alive=11	gens=GEN_A:12,GEN_B:6	kam_5060_drops=0	gen_rcvbuf_errors=0	PASS
S0	redis	22500	offered=900000	ok=900000	fail=0	p50=1.000	p99=1.000	p999=1.000	kam_cpu_ms/1k=164.6	be_cpu_ms/1k=27.1	win_calls=587339	sipp_alive=11	gens=GEN_A:12,GEN_B:6	kam_5060_drops=0	gen_rcvbuf_errors=0	PASS
S0	redis	25000	offered=999990	ok=999990	fail=0	p50=1.000	p99=1.000	p999=1.000	kam_cpu_ms/1k=163.6	be_cpu_ms/1k=27.7	win_calls=652265	sipp_alive=11	gens=GEN_A:12,GEN_B:6	kam_5060_drops=0	gen_rcvbuf_errors=0	PASS
S0	redis	27500	offered=1099998	ok=1099998	fail=0	p50=1.000	p99=1.000	p999=1.000	kam_cpu_ms/1k=161.0	be_cpu_ms/1k=26.3	win_calls=717470	sipp_alive=11	gens=GEN_A:12,GEN_B:6	kam_5060_drops=0	gen_rcvbuf_errors=0	PASS
S0	redis	30000	offered=1199988	ok=1199988	fail=0	p50=1.000	p99=1.000	p999=1.000	kam_cpu_ms/1k=156.5	be_cpu_ms/1k=27.2	win_calls=782808	sipp_alive=11	gens=GEN_A:12,GEN_B:6	kam_5060_drops=0	gen_rcvbuf_errors=0	PASS
S0	redis	35000	offered=1399986	ok=1399986	fail=0	p50=1.000	p99=1.000	p999=1.000	kam_cpu_ms/1k=153.0	be_cpu_ms/1k=28.7	win_calls=912988	sipp_alive=11	gens=GEN_A:12,GEN_B:6	kam_5060_drops=0	gen_rcvbuf_errors=0	PASS
S0	redis	40000	offered=1599984	ok=1471808	fail=128176	p50=1.000	p99=1.000	p999=1.000	kam_cpu_ms/1k=149.8	be_cpu_ms/1k=31.0	win_calls=930413	sipp_alive=11	gens=GEN_A:12,GEN_B:6	kam_5060_drops=236495	gen_rcvbuf_errors=0	FAIL
S0	none	5000	offered=199998	ok=199998	fail=0	p50=1.000	p99=1.000	p999=1.000	kam_cpu_ms/1k=168.0	be_cpu_ms/1k=0.9	win_calls=129062	sipp_alive=11	gens=GEN_A:12,GEN_B:6	kam_5060_drops=0	gen_rcvbuf_errors=0	PASS
S0	none	10000	offered=399996	ok=399996	fail=0	p50=1.000	p99=1.000	p999=1.000	kam_cpu_ms/1k=149.0	be_cpu_ms/1k=0.4	win_calls=260783	sipp_alive=11	gens=GEN_A:12,GEN_B:6	kam_5060_drops=0	gen_rcvbuf_errors=0	PASS
S0	none	15000	offered=599994	ok=599994	fail=0	p50=1.000	p99=1.000	p999=1.000	kam_cpu_ms/1k=139.1	be_cpu_ms/1k=0.3	win_calls=391410	sipp_alive=11	gens=GEN_A:12,GEN_B:6	kam_5060_drops=0	gen_rcvbuf_errors=0	PASS
S0	none	20000	offered=799992	ok=799992	fail=0	p50=1.000	p99=1.000	p999=1.000	kam_cpu_ms/1k=133.3	be_cpu_ms/1k=0.2	win_calls=522036	sipp_alive=11	gens=GEN_A:12,GEN_B:6	kam_5060_drops=0	gen_rcvbuf_errors=0	PASS
S0	none	22500	offered=900000	ok=900000	fail=0	p50=1.000	p99=1.000	p999=1.000	kam_cpu_ms/1k=130.4	be_cpu_ms/1k=0.2	win_calls=587340	sipp_alive=11	gens=GEN_A:12,GEN_B:6	kam_5060_drops=0	gen_rcvbuf_errors=0	PASS
S0	none	25000	offered=999990	ok=999990	fail=0	p50=1.000	p99=1.000	p999=1.000	kam_cpu_ms/1k=129.5	be_cpu_ms/1k=0.2	win_calls=652237	sipp_alive=11	gens=GEN_A:12,GEN_B:6	kam_5060_drops=0	gen_rcvbuf_errors=0	PASS
S0	none	27500	offered=1099998	ok=1099998	fail=0	p50=1.000	p99=1.000	p999=1.000	kam_cpu_ms/1k=130.4	be_cpu_ms/1k=0.1	win_calls=717493	sipp_alive=11	gens=GEN_A:12,GEN_B:6	kam_5060_drops=0	gen_rcvbuf_errors=0	PASS
S0	none	30000	offered=1199988	ok=1199988	fail=0	p50=1.000	p99=1.000	p999=1.000	kam_cpu_ms/1k=127.7	be_cpu_ms/1k=0.1	win_calls=782807	sipp_alive=11	gens=GEN_A:12,GEN_B:6	kam_5060_drops=0	gen_rcvbuf_errors=0	PASS
S0	none	35000	offered=1399986	ok=1399986	fail=0	p50=1.000	p99=1.000	p999=1.000	kam_cpu_ms/1k=125.0	be_cpu_ms/1k=0.1	win_calls=913436	sipp_alive=11	gens=GEN_A:12,GEN_B:6	kam_5060_drops=0	gen_rcvbuf_errors=0	PASS
S0	none	40000	offered=1599984	ok=1599958	fail=26	p50=1.000	p99=1.000	p999=1.000	kam_cpu_ms/1k=121.3	be_cpu_ms/1k=0.1	win_calls=1044045	sipp_alive=11	gens=GEN_A:12,GEN_B:6	kam_5060_drops=0	gen_rcvbuf_errors=0	PASS
S0	none	50000	offered=1999998	ok=1999998	fail=0	p50=1.000	p99=1.000	p999=1.000	kam_cpu_ms/1k=119.8	be_cpu_ms/1k=0.1	win_calls=1304785	sipp_alive=11	gens=GEN_A:12,GEN_B:6	kam_5060_drops=0	gen_rcvbuf_errors=0	PASS
S0	tnt	5000	offered=199998	ok=199998	fail=0	p50=1.000	p99=1.000	p999=1.000	kam_cpu_ms/1k=231.0	be_cpu_ms/1k=47.9	win_calls=128499	sipp_alive=11	gens=GEN_A:12,GEN_B:6	kam_5060_drops=0	gen_rcvbuf_errors=0	PASS
S0	tnt	10000	offered=399996	ok=399996	fail=0	p50=1.000	p99=1.000	p999=1.000	kam_cpu_ms/1k=202.3	be_cpu_ms/1k=41.9	win_calls=260778	sipp_alive=11	gens=GEN_A:12,GEN_B:6	kam_5060_drops=0	gen_rcvbuf_errors=0	PASS
S0	tnt	15000	offered=599994	ok=599994	fail=0	p50=1.000	p99=1.000	p999=1.000	kam_cpu_ms/1k=190.5	be_cpu_ms/1k=40.7	win_calls=391410	sipp_alive=11	gens=GEN_A:12,GEN_B:6	kam_5060_drops=0	gen_rcvbuf_errors=0	PASS
S0	tnt	20000	offered=799992	ok=799992	fail=0	p50=1.000	p99=1.000	p999=1.000	kam_cpu_ms/1k=177.1	be_cpu_ms/1k=39.0	win_calls=522037	sipp_alive=11	gens=GEN_A:12,GEN_B:6	kam_5060_drops=0	gen_rcvbuf_errors=0	PASS
S0	tnt	22500	offered=900000	ok=900000	fail=0	p50=1.000	p99=1.000	p999=1.000	kam_cpu_ms/1k=171.8	be_cpu_ms/1k=37.9	win_calls=587337	sipp_alive=11	gens=GEN_A:12,GEN_B:6	kam_5060_drops=0	gen_rcvbuf_errors=0	PASS
S0	tnt	25000	offered=999990	ok=999990	fail=0	p50=1.000	p99=1.000	p999=1.000	kam_cpu_ms/1k=167.4	be_cpu_ms/1k=41.0	win_calls=652196	sipp_alive=11	gens=GEN_A:12,GEN_B:6	kam_5060_drops=0	gen_rcvbuf_errors=0	PASS
S0	tnt	27500	offered=1099998	ok=1092161	fail=7837	p50=1.000	p99=1.000	p999=1.000	kam_cpu_ms/1k=165.6	be_cpu_ms/1k=40.6	win_calls=700673	sipp_alive=11	gens=GEN_A:12,GEN_B:6	kam_5060_drops=14689	gen_rcvbuf_errors=0	FAIL
S1a	redis_ft	5000	offered=199998	ok=199998	fail=0	p50=1.000	p99=1.000	p999=1.000	kam_cpu_ms/1k=243.9	be_cpu_ms/1k=160.8	win_calls=130169	sipp_alive=11	gens=GEN_A:12,GEN_B:6	kam_5060_drops=0	gen_rcvbuf_errors=0	PASS
S1a	redis_ft	10000	offered=399996	ok=396825	fail=3171	p50=1.000	p99=1.000	p999=1.000	kam_cpu_ms/1k=195.7	be_cpu_ms/1k=148.8	win_calls=256351	sipp_alive=11	gens=GEN_A:12,GEN_B:6	kam_5060_drops=5818	gen_rcvbuf_errors=0	FAIL
S1a	tnt	5000	offered=199998	ok=199998	fail=0	p50=1.000	p99=1.000	p999=1.000	kam_cpu_ms/1k=238.4	be_cpu_ms/1k=86.6	win_calls=128484	sipp_alive=11	gens=GEN_A:12,GEN_B:6	kam_5060_drops=0	gen_rcvbuf_errors=0	PASS
S1a	tnt	10000	offered=399996	ok=399996	fail=0	p50=1.000	p99=1.000	p999=1.000	kam_cpu_ms/1k=208.0	be_cpu_ms/1k=73.5	win_calls=260809	sipp_alive=11	gens=GEN_A:12,GEN_B:6	kam_5060_drops=0	gen_rcvbuf_errors=0	PASS
S1a	tnt	15000	offered=599994	ok=599994	fail=0	p50=1.000	p99=1.000	p999=1.000	kam_cpu_ms/1k=188.4	be_cpu_ms/1k=69.0	win_calls=391407	sipp_alive=11	gens=GEN_A:12,GEN_B:6	kam_5060_drops=0	gen_rcvbuf_errors=0	PASS
S1a	tnt	20000	offered=799992	ok=799992	fail=0	p50=1.000	p99=1.000	p999=1.000	kam_cpu_ms/1k=177.3	be_cpu_ms/1k=66.6	win_calls=522130	sipp_alive=11	gens=GEN_A:12,GEN_B:6	kam_5060_drops=0	gen_rcvbuf_errors=0	PASS
S1a	tnt	22500	offered=900000	ok=898180	fail=1820	p50=1.000	p99=1.000	p999=1.000	kam_cpu_ms/1k=171.2	be_cpu_ms/1k=66.4	win_calls=585356	sipp_alive=11	gens=GEN_A:12,GEN_B:6	kam_5060_drops=3433	gen_rcvbuf_errors=0	FAIL
S1a	redis	5000	offered=199998	ok=199998	fail=0	p50=1.000	p99=1.000	p999=1.000	kam_cpu_ms/1k=227.0	be_cpu_ms/1k=51.3	win_calls=128484	sipp_alive=11	gens=GEN_A:12,GEN_B:6	kam_5060_drops=0	gen_rcvbuf_errors=0	PASS
S1a	redis	10000	offered=399996	ok=399996	fail=0	p50=1.000	p99=1.000	p999=1.000	kam_cpu_ms/1k=200.9	be_cpu_ms/1k=44.4	win_calls=260783	sipp_alive=11	gens=GEN_A:12,GEN_B:6	kam_5060_drops=0	gen_rcvbuf_errors=0	PASS
S1a	redis	15000	offered=599994	ok=599994	fail=0	p50=1.000	p99=1.000	p999=1.000	kam_cpu_ms/1k=182.3	be_cpu_ms/1k=41.3	win_calls=391410	sipp_alive=11	gens=GEN_A:12,GEN_B:6	kam_5060_drops=0	gen_rcvbuf_errors=0	PASS
S1a	redis	20000	offered=799992	ok=799992	fail=0	p50=1.000	p99=1.000	p999=1.000	kam_cpu_ms/1k=172.3	be_cpu_ms/1k=40.4	win_calls=522069	sipp_alive=11	gens=GEN_A:12,GEN_B:6	kam_5060_drops=0	gen_rcvbuf_errors=0	PASS
S1a	redis	22500	offered=900000	ok=900000	fail=0	p50=1.000	p99=1.000	p999=1.000	kam_cpu_ms/1k=169.2	be_cpu_ms/1k=39.0	win_calls=587357	sipp_alive=11	gens=GEN_A:12,GEN_B:6	kam_5060_drops=0	gen_rcvbuf_errors=0	PASS
S1a	redis	25000	offered=999990	ok=999990	fail=0	p50=1.000	p99=1.000	p999=1.000	kam_cpu_ms/1k=165.3	be_cpu_ms/1k=39.2	win_calls=652193	sipp_alive=11	gens=GEN_A:12,GEN_B:6	kam_5060_drops=0	gen_rcvbuf_errors=0	PASS
S1a	redis	27500	offered=1099998	ok=1099998	fail=0	p50=1.000	p99=1.000	p999=1.000	kam_cpu_ms/1k=162.5	be_cpu_ms/1k=38.2	win_calls=717492	sipp_alive=11	gens=GEN_A:12,GEN_B:6	kam_5060_drops=0	gen_rcvbuf_errors=0	PASS
S1a	redis	30000	offered=1199988	ok=1199988	fail=0	p50=1.000	p99=1.000	p999=1.000	kam_cpu_ms/1k=160.2	be_cpu_ms/1k=38.1	win_calls=782760	sipp_alive=11	gens=GEN_A:12,GEN_B:6	kam_5060_drops=0	gen_rcvbuf_errors=0	PASS
S1a	redis	35000	offered=1399986	ok=1370953	fail=29033	p50=1.000	p99=1.000	p999=1.000	kam_cpu_ms/1k=155.5	be_cpu_ms/1k=37.7	win_calls=907557	sipp_alive=11	gens=GEN_A:12,GEN_B:6	kam_5060_drops=54354	gen_rcvbuf_errors=0	FAIL
S1b	redis_ft	5000	offered=199998	ok=199998	fail=0	p50=1.000	p99=1.000	p999=1.000	kam_cpu_ms/1k=239.1	be_cpu_ms/1k=171.7	win_calls=130198	sipp_alive=11	gens=GEN_A:12,GEN_B:6	kam_5060_drops=0	gen_rcvbuf_errors=0	PASS
S1b	redis_ft	10000	offered=399996	ok=386089	fail=13907	p50=1.000	p99=1.000	p999=1.000	kam_cpu_ms/1k=190.6	be_cpu_ms/1k=153.2	win_calls=248981	sipp_alive=11	gens=GEN_A:12,GEN_B:6	kam_5060_drops=27072	gen_rcvbuf_errors=0	FAIL
S1b	tnt	5000	offered=199998	ok=199998	fail=0	p50=1.000	p99=1.000	p999=1.000	kam_cpu_ms/1k=237.3	be_cpu_ms/1k=87.7	win_calls=128483	sipp_alive=11	gens=GEN_A:12,GEN_B:6	kam_5060_drops=0	gen_rcvbuf_errors=0	PASS
S1b	tnt	10000	offered=399996	ok=399996	fail=0	p50=1.000	p99=1.000	p999=1.000	kam_cpu_ms/1k=204.9	be_cpu_ms/1k=76.5	win_calls=260784	sipp_alive=11	gens=GEN_A:12,GEN_B:6	kam_5060_drops=0	gen_rcvbuf_errors=0	PASS
S1b	tnt	15000	offered=599994	ok=599994	fail=0	p50=1.000	p99=1.000	p999=1.000	kam_cpu_ms/1k=184.9	be_cpu_ms/1k=70.9	win_calls=391334	sipp_alive=11	gens=GEN_A:12,GEN_B:6	kam_5060_drops=0	gen_rcvbuf_errors=0	PASS
S1b	tnt	20000	offered=799992	ok=796648	fail=3344	p50=1.000	p99=1.000	p999=1.000	kam_cpu_ms/1k=175.3	be_cpu_ms/1k=70.5	win_calls=525306	sipp_alive=11	gens=GEN_A:12,GEN_B:6	kam_5060_drops=5823	gen_rcvbuf_errors=0	FAIL
S1b	redis	5000	offered=199998	ok=199998	fail=0	p50=1.000	p99=1.000	p999=1.000	kam_cpu_ms/1k=223.1	be_cpu_ms/1k=50.0	win_calls=128506	sipp_alive=11	gens=GEN_A:12,GEN_B:6	kam_5060_drops=0	gen_rcvbuf_errors=0	PASS
S1b	redis	10000	offered=399996	ok=399996	fail=0	p50=1.000	p99=1.000	p999=1.000	kam_cpu_ms/1k=196.9	be_cpu_ms/1k=44.5	win_calls=260784	sipp_alive=11	gens=GEN_A:12,GEN_B:6	kam_5060_drops=0	gen_rcvbuf_errors=0	PASS
S1b	redis	15000	offered=599994	ok=599994	fail=0	p50=1.000	p99=1.000	p999=1.000	kam_cpu_ms/1k=181.4	be_cpu_ms/1k=42.4	win_calls=391410	sipp_alive=11	gens=GEN_A:12,GEN_B:6	kam_5060_drops=0	gen_rcvbuf_errors=0	PASS
S1b	redis	20000	offered=799992	ok=799992	fail=0	p50=1.000	p99=1.000	p999=1.000	kam_cpu_ms/1k=168.2	be_cpu_ms/1k=40.8	win_calls=522036	sipp_alive=11	gens=GEN_A:12,GEN_B:6	kam_5060_drops=0	gen_rcvbuf_errors=0	PASS
S1b	redis	22500	offered=900000	ok=900000	fail=0	p50=1.000	p99=1.000	p999=1.000	kam_cpu_ms/1k=165.7	be_cpu_ms/1k=40.8	win_calls=587335	sipp_alive=11	gens=GEN_A:12,GEN_B:6	kam_5060_drops=0	gen_rcvbuf_errors=0	PASS
S1b	redis	25000	offered=999990	ok=999990	fail=0	p50=1.000	p99=1.000	p999=1.000	kam_cpu_ms/1k=165.2	be_cpu_ms/1k=40.0	win_calls=652269	sipp_alive=11	gens=GEN_A:12,GEN_B:6	kam_5060_drops=0	gen_rcvbuf_errors=0	PASS
S1b	redis	27500	offered=1099998	ok=1099998	fail=0	p50=1.000	p99=1.000	p999=1.000	kam_cpu_ms/1k=162.0	be_cpu_ms/1k=39.8	win_calls=717480	sipp_alive=11	gens=GEN_A:12,GEN_B:6	kam_5060_drops=0	gen_rcvbuf_errors=0	PASS
S1b	redis	30000	offered=1199988	ok=1199988	fail=0	p50=1.000	p99=1.000	p999=1.000	kam_cpu_ms/1k=158.4	be_cpu_ms/1k=39.1	win_calls=782811	sipp_alive=11	gens=GEN_A:12,GEN_B:6	kam_5060_drops=0	gen_rcvbuf_errors=0	PASS
S1b	redis	35000	offered=1399986	ok=1354057	fail=45929	p50=1.000	p99=1.000	p999=1.000	kam_cpu_ms/1k=154.6	be_cpu_ms/1k=38.8	win_calls=879396	sipp_alive=11	gens=GEN_A:12,GEN_B:6	kam_5060_drops=85824	gen_rcvbuf_errors=0	FAIL
=== repeat 3 2026-10-03 19:37:13
S0	none	5000	offered=199998	ok=199998	fail=0	p50=1.000	p99=1.000	p999=1.000	kam_cpu_ms/1k=163.0	be_cpu_ms/1k=0.7	win_calls=130154	sipp_alive=11	gens=GEN_A:12,GEN_B:6	kam_5060_drops=0	gen_rcvbuf_errors=0	PASS
S0	none	10000	offered=399996	ok=399996	fail=0	p50=1.000	p99=1.000	p999=1.000	kam_cpu_ms/1k=146.1	be_cpu_ms/1k=0.4	win_calls=260784	sipp_alive=11	gens=GEN_A:12,GEN_B:6	kam_5060_drops=0	gen_rcvbuf_errors=0	PASS
S0	none	15000	offered=599994	ok=599994	fail=0	p50=1.000	p99=1.000	p999=1.000	kam_cpu_ms/1k=136.5	be_cpu_ms/1k=0.3	win_calls=391418	sipp_alive=11	gens=GEN_A:12,GEN_B:6	kam_5060_drops=0	gen_rcvbuf_errors=0	PASS
S0	none	20000	offered=799992	ok=799992	fail=0	p50=1.000	p99=1.000	p999=1.000	kam_cpu_ms/1k=134.6	be_cpu_ms/1k=0.2	win_calls=522033	sipp_alive=11	gens=GEN_A:12,GEN_B:6	kam_5060_drops=0	gen_rcvbuf_errors=0	PASS
S0	none	22500	offered=900000	ok=900000	fail=0	p50=1.000	p99=1.000	p999=1.000	kam_cpu_ms/1k=129.7	be_cpu_ms/1k=0.2	win_calls=587338	sipp_alive=11	gens=GEN_A:12,GEN_B:6	kam_5060_drops=0	gen_rcvbuf_errors=0	PASS
S0	none	25000	offered=999990	ok=999990	fail=0	p50=1.000	p99=1.000	p999=1.000	kam_cpu_ms/1k=130.0	be_cpu_ms/1k=0.1	win_calls=652193	sipp_alive=11	gens=GEN_A:12,GEN_B:6	kam_5060_drops=0	gen_rcvbuf_errors=0	PASS
S0	none	27500	offered=1099998	ok=1099998	fail=0	p50=1.000	p99=1.000	p999=1.000	kam_cpu_ms/1k=130.2	be_cpu_ms/1k=0.2	win_calls=717487	sipp_alive=11	gens=GEN_A:12,GEN_B:6	kam_5060_drops=0	gen_rcvbuf_errors=0	PASS
S0	none	30000	offered=1199988	ok=1199988	fail=0	p50=1.000	p99=1.000	p999=1.000	kam_cpu_ms/1k=125.9	be_cpu_ms/1k=0.1	win_calls=782808	sipp_alive=11	gens=GEN_A:12,GEN_B:6	kam_5060_drops=0	gen_rcvbuf_errors=0	PASS
S0	none	35000	offered=1399986	ok=1399959	fail=27	p50=1.000	p99=1.000	p999=1.000	kam_cpu_ms/1k=121.2	be_cpu_ms/1k=0.1	win_calls=913613	sipp_alive=11	gens=GEN_A:12,GEN_B:6	kam_5060_drops=0	gen_rcvbuf_errors=0	PASS
S0	none	40000	offered=1599984	ok=1599896	fail=88	p50=1.000	p99=1.000	p999=1.000	kam_cpu_ms/1k=122.4	be_cpu_ms/1k=0.1	win_calls=1030674	sipp_alive=11	gens=GEN_A:12,GEN_B:6	kam_5060_drops=0	gen_rcvbuf_errors=0	PASS
S0	none	50000	offered=1999998	ok=1999998	fail=0	p50=1.000	p99=1.000	p999=1.000	kam_cpu_ms/1k=117.4	be_cpu_ms/1k=0.1	win_calls=1304802	sipp_alive=11	gens=GEN_A:12,GEN_B:6	kam_5060_drops=0	gen_rcvbuf_errors=0	PASS
S0	tnt	5000	offered=199998	ok=199998	fail=0	p50=1.000	p99=1.000	p999=1.000	kam_cpu_ms/1k=221.6	be_cpu_ms/1k=47.5	win_calls=128763	sipp_alive=11	gens=GEN_A:12,GEN_B:6	kam_5060_drops=0	gen_rcvbuf_errors=0	PASS
S0	tnt	10000	offered=399996	ok=399996	fail=0	p50=1.000	p99=1.000	p999=1.000	kam_cpu_ms/1k=201.4	be_cpu_ms/1k=43.1	win_calls=260783	sipp_alive=11	gens=GEN_A:12,GEN_B:6	kam_5060_drops=0	gen_rcvbuf_errors=0	PASS
S0	tnt	15000	offered=599994	ok=599994	fail=0	p50=1.000	p99=1.000	p999=1.000	kam_cpu_ms/1k=182.0	be_cpu_ms/1k=41.2	win_calls=391416	sipp_alive=11	gens=GEN_A:12,GEN_B:6	kam_5060_drops=0	gen_rcvbuf_errors=0	PASS
S0	tnt	20000	offered=799992	ok=799992	fail=0	p50=1.000	p99=1.000	p999=1.000	kam_cpu_ms/1k=173.6	be_cpu_ms/1k=42.5	win_calls=522008	sipp_alive=11	gens=GEN_A:12,GEN_B:6	kam_5060_drops=0	gen_rcvbuf_errors=0	PASS
S0	tnt	22500	offered=900000	ok=900000	fail=0	p50=1.000	p99=1.000	p999=1.000	kam_cpu_ms/1k=168.5	be_cpu_ms/1k=42.6	win_calls=587340	sipp_alive=11	gens=GEN_A:12,GEN_B:6	kam_5060_drops=0	gen_rcvbuf_errors=0	PASS
S0	tnt	25000	offered=999990	ok=999990	fail=0	p50=1.000	p99=1.000	p999=1.000	kam_cpu_ms/1k=164.7	be_cpu_ms/1k=39.4	win_calls=651667	sipp_alive=11	gens=GEN_A:12,GEN_B:6	kam_5060_drops=0	gen_rcvbuf_errors=0	PASS
S0	tnt	27500	offered=1099998	ok=1099998	fail=0	p50=1.000	p99=1.000	p999=1.000	kam_cpu_ms/1k=162.5	be_cpu_ms/1k=37.2	win_calls=717553	sipp_alive=11	gens=GEN_A:12,GEN_B:6	kam_5060_drops=0	gen_rcvbuf_errors=0	PASS
S0	tnt	30000	offered=1199988	ok=1172856	fail=27132	p50=1.000	p99=1.000	p999=1.000	kam_cpu_ms/1k=159.0	be_cpu_ms/1k=40.5	win_calls=755677	sipp_alive=11	gens=GEN_A:12,GEN_B:6	kam_5060_drops=47727	gen_rcvbuf_errors=0	FAIL
S0	redis	5000	offered=199998	ok=199998	fail=0	p50=1.000	p99=1.000	p999=1.000	kam_cpu_ms/1k=220.5	be_cpu_ms/1k=40.2	win_calls=128500	sipp_alive=11	gens=GEN_A:12,GEN_B:6	kam_5060_drops=0	gen_rcvbuf_errors=0	PASS
S0	redis	10000	offered=399996	ok=399996	fail=0	p50=1.000	p99=1.000	p999=1.000	kam_cpu_ms/1k=195.5	be_cpu_ms/1k=33.3	win_calls=260855	sipp_alive=11	gens=GEN_A:12,GEN_B:6	kam_5060_drops=0	gen_rcvbuf_errors=0	PASS
S0	redis	15000	offered=599994	ok=599994	fail=0	p50=1.000	p99=1.000	p999=1.000	kam_cpu_ms/1k=182.6	be_cpu_ms/1k=31.4	win_calls=391409	sipp_alive=11	gens=GEN_A:12,GEN_B:6	kam_5060_drops=0	gen_rcvbuf_errors=0	PASS
S0	redis	20000	offered=799992	ok=799992	fail=0	p50=1.000	p99=1.000	p999=1.000	kam_cpu_ms/1k=170.9	be_cpu_ms/1k=28.8	win_calls=522035	sipp_alive=11	gens=GEN_A:12,GEN_B:6	kam_5060_drops=0	gen_rcvbuf_errors=0	PASS
S0	redis	22500	offered=900000	ok=900000	fail=0	p50=1.000	p99=1.000	p999=1.000	kam_cpu_ms/1k=166.4	be_cpu_ms/1k=29.0	win_calls=587337	sipp_alive=11	gens=GEN_A:12,GEN_B:6	kam_5060_drops=0	gen_rcvbuf_errors=0	PASS
S0	redis	25000	offered=999990	ok=999990	fail=0	p50=1.000	p99=1.000	p999=1.000	kam_cpu_ms/1k=161.9	be_cpu_ms/1k=28.2	win_calls=652188	sipp_alive=11	gens=GEN_A:12,GEN_B:6	kam_5060_drops=0	gen_rcvbuf_errors=0	PASS
S0	redis	27500	offered=1099998	ok=1099998	fail=0	p50=1.000	p99=1.000	p999=1.000	kam_cpu_ms/1k=158.3	be_cpu_ms/1k=29.1	win_calls=717650	sipp_alive=11	gens=GEN_A:12,GEN_B:6	kam_5060_drops=0	gen_rcvbuf_errors=0	PASS
S0	redis	30000	offered=1199988	ok=1199988	fail=0	p50=1.000	p99=1.000	p999=1.000	kam_cpu_ms/1k=158.5	be_cpu_ms/1k=27.3	win_calls=782828	sipp_alive=11	gens=GEN_A:12,GEN_B:6	kam_5060_drops=0	gen_rcvbuf_errors=0	PASS
S0	redis	35000	offered=1399986	ok=1399986	fail=0	p50=1.000	p99=1.000	p999=1.000	kam_cpu_ms/1k=153.3	be_cpu_ms/1k=25.6	win_calls=913728	sipp_alive=11	gens=GEN_A:12,GEN_B:6	kam_5060_drops=0	gen_rcvbuf_errors=0	PASS
S0	redis	40000	offered=1599984	ok=1598831	fail=1153	p50=1.000	p99=1.000	p999=1.000	kam_cpu_ms/1k=150.0	be_cpu_ms/1k=26.0	win_calls=1042897	sipp_alive=11	gens=GEN_A:12,GEN_B:6	kam_5060_drops=2283	gen_rcvbuf_errors=0	PASS
S0	redis	50000	offered=1999998	ok=1633413	fail=366585	p50=1.000	p99=1.000	p999=1.000	kam_cpu_ms/1k=143.8	be_cpu_ms/1k=27.7	win_calls=1061206	sipp_alive=11	gens=GEN_A:12,GEN_B:6	kam_5060_drops=656729	gen_rcvbuf_errors=0	FAIL
S1a	tnt	5000	offered=199998	ok=199998	fail=0	p50=1.000	p99=1.000	p999=1.000	kam_cpu_ms/1k=234.0	be_cpu_ms/1k=90.2	win_calls=129041	sipp_alive=11	gens=GEN_A:12,GEN_B:6	kam_5060_drops=0	gen_rcvbuf_errors=0	PASS
S1a	tnt	10000	offered=399996	ok=399996	fail=0	p50=1.000	p99=1.000	p999=1.000	kam_cpu_ms/1k=203.9	be_cpu_ms/1k=72.6	win_calls=260827	sipp_alive=11	gens=GEN_A:12,GEN_B:6	kam_5060_drops=0	gen_rcvbuf_errors=0	PASS
S1a	tnt	15000	offered=599994	ok=599994	fail=0	p50=1.000	p99=1.000	p999=1.000	kam_cpu_ms/1k=185.4	be_cpu_ms/1k=71.7	win_calls=391464	sipp_alive=11	gens=GEN_A:12,GEN_B:6	kam_5060_drops=0	gen_rcvbuf_errors=0	PASS
S1a	tnt	20000	offered=799992	ok=799992	fail=0	p50=1.000	p99=1.000	p999=1.000	kam_cpu_ms/1k=174.8	be_cpu_ms/1k=67.7	win_calls=522188	sipp_alive=11	gens=GEN_A:12,GEN_B:6	kam_5060_drops=0	gen_rcvbuf_errors=0	PASS
S1a	tnt	22500	offered=900000	ok=878712	fail=21288	p50=1.000	p99=1.000	p999=1.000	kam_cpu_ms/1k=172.5	be_cpu_ms/1k=69.8	win_calls=563331	sipp_alive=11	gens=GEN_A:12,GEN_B:6	kam_5060_drops=38488	gen_rcvbuf_errors=0	FAIL
S1a	redis	5000	offered=199998	ok=199998	fail=0	p50=1.000	p99=1.000	p999=1.000	kam_cpu_ms/1k=225.7	be_cpu_ms/1k=50.8	win_calls=128762	sipp_alive=11	gens=GEN_A:12,GEN_B:6	kam_5060_drops=0	gen_rcvbuf_errors=0	PASS
S1a	redis	10000	offered=399996	ok=399996	fail=0	p50=1.000	p99=1.000	p999=1.000	kam_cpu_ms/1k=198.2	be_cpu_ms/1k=43.5	win_calls=260782	sipp_alive=11	gens=GEN_A:12,GEN_B:6	kam_5060_drops=0	gen_rcvbuf_errors=0	PASS
S1a	redis	15000	offered=599994	ok=599994	fail=0	p50=1.000	p99=1.000	p999=1.000	kam_cpu_ms/1k=180.6	be_cpu_ms/1k=40.3	win_calls=391499	sipp_alive=11	gens=GEN_A:12,GEN_B:6	kam_5060_drops=0	gen_rcvbuf_errors=0	PASS
S1a	redis	20000	offered=799992	ok=799992	fail=0	p50=1.000	p99=1.000	p999=1.000	kam_cpu_ms/1k=171.5	be_cpu_ms/1k=40.0	win_calls=522030	sipp_alive=11	gens=GEN_A:12,GEN_B:6	kam_5060_drops=0	gen_rcvbuf_errors=0	PASS
S1a	redis	22500	offered=900000	ok=900000	fail=0	p50=1.000	p99=1.000	p999=1.000	kam_cpu_ms/1k=165.9	be_cpu_ms/1k=39.1	win_calls=587337	sipp_alive=11	gens=GEN_A:12,GEN_B:6	kam_5060_drops=0	gen_rcvbuf_errors=0	PASS
S1a	redis	25000	offered=999990	ok=999990	fail=0	p50=1.000	p99=1.000	p999=1.000	kam_cpu_ms/1k=161.0	be_cpu_ms/1k=39.3	win_calls=652193	sipp_alive=11	gens=GEN_A:12,GEN_B:6	kam_5060_drops=0	gen_rcvbuf_errors=0	PASS
S1a	redis	27500	offered=1099998	ok=1099998	fail=0	p50=1.000	p99=1.000	p999=1.000	kam_cpu_ms/1k=159.9	be_cpu_ms/1k=38.5	win_calls=717498	sipp_alive=11	gens=GEN_A:12,GEN_B:6	kam_5060_drops=0	gen_rcvbuf_errors=0	PASS
S1a	redis	30000	offered=1199988	ok=1199988	fail=0	p50=1.000	p99=1.000	p999=1.000	kam_cpu_ms/1k=158.5	be_cpu_ms/1k=38.9	win_calls=782771	sipp_alive=11	gens=GEN_A:12,GEN_B:6	kam_5060_drops=0	gen_rcvbuf_errors=0	PASS
S1a	redis	35000	offered=1399986	ok=1394450	fail=5536	p50=1.000	p99=1.000	p999=1.000	kam_cpu_ms/1k=151.2	be_cpu_ms/1k=36.9	win_calls=914065	sipp_alive=11	gens=GEN_A:12,GEN_B:6	kam_5060_drops=10083	gen_rcvbuf_errors=0	FAIL
S1a	redis_ft	5000	offered=199998	ok=199998	fail=0	p50=1.000	p99=1.000	p999=1.000	kam_cpu_ms/1k=239.6	be_cpu_ms/1k=153.6	win_calls=128483	sipp_alive=11	gens=GEN_A:12,GEN_B:6	kam_5060_drops=0	gen_rcvbuf_errors=0	PASS
S1a	redis_ft	10000	offered=399996	ok=391813	fail=8183	p50=1.000	p99=1.000	p999=1.000	kam_cpu_ms/1k=191.6	be_cpu_ms/1k=150.1	win_calls=250631	sipp_alive=11	gens=GEN_A:12,GEN_B:6	kam_5060_drops=15134	gen_rcvbuf_errors=0	FAIL
S1b	tnt	5000	offered=199998	ok=199998	fail=0	p50=1.000	p99=1.000	p999=1.000	kam_cpu_ms/1k=236.8	be_cpu_ms/1k=95.0	win_calls=128486	sipp_alive=11	gens=GEN_A:12,GEN_B:6	kam_5060_drops=0	gen_rcvbuf_errors=0	PASS
S1b	tnt	10000	offered=399996	ok=399996	fail=0	p50=1.000	p99=1.000	p999=1.000	kam_cpu_ms/1k=204.0	be_cpu_ms/1k=76.6	win_calls=260782	sipp_alive=11	gens=GEN_A:12,GEN_B:6	kam_5060_drops=0	gen_rcvbuf_errors=0	PASS
S1b	tnt	15000	offered=599994	ok=599994	fail=0	p50=1.000	p99=1.000	p999=1.000	kam_cpu_ms/1k=184.5	be_cpu_ms/1k=70.0	win_calls=391547	sipp_alive=11	gens=GEN_A:12,GEN_B:6	kam_5060_drops=0	gen_rcvbuf_errors=0	PASS
S1b	tnt	20000	offered=799992	ok=799992	fail=0	p50=1.000	p99=1.000	p999=1.000	kam_cpu_ms/1k=173.3	be_cpu_ms/1k=66.1	win_calls=521822	sipp_alive=11	gens=GEN_A:12,GEN_B:6	kam_5060_drops=0	gen_rcvbuf_errors=0	PASS
S1b	tnt	22500	offered=900000	ok=883056	fail=16944	p50=1.000	p99=1.000	p999=1.000	kam_cpu_ms/1k=169.1	be_cpu_ms/1k=67.9	win_calls=578970	sipp_alive=11	gens=GEN_A:12,GEN_B:6	kam_5060_drops=31694	gen_rcvbuf_errors=0	FAIL
S1b	redis	5000	offered=199998	ok=199998	fail=0	p50=1.000	p99=1.000	p999=1.000	kam_cpu_ms/1k=227.6	be_cpu_ms/1k=52.6	win_calls=128484	sipp_alive=11	gens=GEN_A:12,GEN_B:6	kam_5060_drops=0	gen_rcvbuf_errors=0	PASS
S1b	redis	10000	offered=399996	ok=399996	fail=0	p50=1.000	p99=1.000	p999=1.000	kam_cpu_ms/1k=201.3	be_cpu_ms/1k=47.5	win_calls=260782	sipp_alive=11	gens=GEN_A:12,GEN_B:6	kam_5060_drops=0	gen_rcvbuf_errors=0	PASS
S1b	redis	15000	offered=599994	ok=599994	fail=0	p50=1.000	p99=1.000	p999=1.000	kam_cpu_ms/1k=183.6	be_cpu_ms/1k=43.0	win_calls=391409	sipp_alive=11	gens=GEN_A:12,GEN_B:6	kam_5060_drops=0	gen_rcvbuf_errors=0	PASS
S1b	redis	20000	offered=799992	ok=799992	fail=0	p50=1.000	p99=1.000	p999=1.000	kam_cpu_ms/1k=169.7	be_cpu_ms/1k=40.9	win_calls=522046	sipp_alive=11	gens=GEN_A:12,GEN_B:6	kam_5060_drops=0	gen_rcvbuf_errors=0	PASS
S1b	redis	22500	offered=900000	ok=900000	fail=0	p50=1.000	p99=1.000	p999=1.000	kam_cpu_ms/1k=168.4	be_cpu_ms/1k=41.0	win_calls=587340	sipp_alive=11	gens=GEN_A:12,GEN_B:6	kam_5060_drops=0	gen_rcvbuf_errors=0	PASS
S1b	redis	25000	offered=999990	ok=999990	fail=0	p50=1.000	p99=1.000	p999=1.000	kam_cpu_ms/1k=165.8	be_cpu_ms/1k=40.3	win_calls=652169	sipp_alive=11	gens=GEN_A:12,GEN_B:6	kam_5060_drops=0	gen_rcvbuf_errors=0	PASS
S1b	redis	27500	offered=1099998	ok=1099998	fail=0	p50=1.000	p99=1.000	p999=1.000	kam_cpu_ms/1k=162.6	be_cpu_ms/1k=39.8	win_calls=717490	sipp_alive=11	gens=GEN_A:12,GEN_B:6	kam_5060_drops=0	gen_rcvbuf_errors=0	PASS
S1b	redis	30000	offered=1199988	ok=1199988	fail=0	p50=1.000	p99=1.000	p999=1.000	kam_cpu_ms/1k=157.4	be_cpu_ms/1k=40.0	win_calls=782810	sipp_alive=11	gens=GEN_A:12,GEN_B:6	kam_5060_drops=0	gen_rcvbuf_errors=0	PASS
S1b	redis	35000	offered=1399986	ok=1326179	fail=73807	p50=1.000	p99=1.000	p999=1.000	kam_cpu_ms/1k=154.1	be_cpu_ms/1k=40.3	win_calls=854562	sipp_alive=11	gens=GEN_A:12,GEN_B:6	kam_5060_drops=139930	gen_rcvbuf_errors=0	FAIL
S1b	redis_ft	5000	offered=199998	ok=199998	fail=0	p50=1.000	p99=1.000	p999=1.000	kam_cpu_ms/1k=239.8	be_cpu_ms/1k=169.1	win_calls=130169	sipp_alive=11	gens=GEN_A:12,GEN_B:6	kam_5060_drops=0	gen_rcvbuf_errors=0	PASS
S1b	redis_ft	10000	offered=399996	ok=382953	fail=17043	p50=1.000	p99=1.000	p999=1.000	kam_cpu_ms/1k=189.7	be_cpu_ms/1k=155.3	win_calls=248528	sipp_alive=11	gens=GEN_A:12,GEN_B:6	kam_5060_drops=32410	gen_rcvbuf_errors=0	FAIL
